No,nim,Nama Mahasiswa,Program Studi,Fakultas,Angkatan,Registrasi,Verifikasi,Jas Almamater,Foto,Status Layanan,Pembaruan Terakhir,Cetak KTM,Keterangan
155,70126062,QORISYA NUR ASHYLLA,701,-,2026,Ya,Ya,Ya,Ya,Selesai,13 Agu 2026 08:50,FALSE,
154,10426057,ARNI ARZETI,106,-,2026,Ya,Ya,Ya,Ya,Selesai,13 Agu 2026 08:51,FALSE,
153,20526102,CAHAYA INTI MUQIIT,205,`   ,2026,Ya,Ya,Ya,Ya,Selesai,13 Agu 2026 08:53,FALSE,
152,10226072,NUR ROHMATUL UMMAH,104,-,2026,Ya,Ya,Ya,Ya,Selesai,13 Agu 2026 08:54,FALSE,
151,20226055,SALWA ARSYA MELATI,202,-,2026,Ya,Ya,Ya,Ya,Selesai,13 Agu 2026 08:55,FALSE,
149,30526060,NAILA KHOIRIN,401,-,2026,Ya,Ya,Ya,Ya,Selesai,13 Agu 2026 08:57,FALSE,
150,40326152,INGGIL MAYANG KENCANA,403,-,2026,Ya,Ya,Ya,Ya,Selesai,13 Agu 2026 08:57,FALSE,
148,30626059,MAULA SILFANA,306,-,2026,Ya,Ya,Ya,Ya,Selesai,13 Agu 2026 08:59,FALSE,
147,20126241,MUHAMAD DAVA MUBALIGH,201,-,2026,Ya,Ya,Ya,Ya,Selesai,13 Agu 2026 09:01,FALSE,
146,30226003,MUSAFIROTUL MUNAWAROH,303,-,2026,Ya,Ya,Ya,Ya,Selesai,13 Agu 2026 09:02,FALSE,
145,60326073,NAJWA LAHFATU ABWA,604,-,2026,Ya,Ya,Ya,Ya,Selesai,13 Agu 2026 09:04,FALSE,
144,70126067,HENI LESTARI,701,-,2026,Ya,Ya,Ya,Ya,Selesai,13 Agu 2026 09:04,FALSE,
143,60126062,SYAFIRA CALLULA AMANTA,601,-,2026,Ya,Ya,Ya,Ya,Selesai,13 Agu 2026 09:06,FALSE,
142,60226160,MUHAMMAD SAHRUL LEFFI,603,-,2026,Ya,Ya,Ya,Ya,Selesai,13 Agu 2026 09:08,FALSE,
141,60226164,GHANI RASYA ADYATMA,603,-,2026,Ya,Ya,Ya,Ya,Selesai,13 Agu 2026 09:08,FALSE,
140,10126096,SAKINAH SA'DIYAH,101,-,2026,Ya,Ya,Ya,Ya,Selesai,13 Agu 2026 09:09,FALSE,
139,60226153,VANIAPUTRI WIDYAZERLINA,603,-,2026,Ya,Ya,Ya,Ya,Selesai,13 Agu 2026 09:11,FALSE,
138,20226060,ABDULLAH FAQIH,202,-,2026,Ya,Ya,Ya,Ya,Selesai,13 Agu 2026 09:12,FALSE,
137,20326209,MUHAMMAD KHAFID ARBA,203,-,2026,Ya,Ya,Ya,Ya,Selesai,13 Agu 2026 09:14,FALSE,
135,10126048,MUH. ABID KHUBAIBULLAH,101,-,2026,Ya,Ya,Ya,Ya,Selesai,13 Agu 2026 09:16,FALSE,
136,30426149,SINDI RAHMAWATI ANGGITA SARI,402,-,2026,Ya,Ya,Ya,Ya,Selesai,13 Agu 2026 09:16,FALSE,
134,40426166,MUHAMMAD DANIAL KHOIRULANA,602,-,2026,Ya,Ya,Ya,Ya,Selesai,13 Agu 2026 09:18,FALSE,
133,20326212,MUHAMMAD IRSYAD JAUHAR,203,-,2026,Ya,Ya,Ya,Ya,Selesai,13 Agu 2026 09:19,FALSE,
132,40426177,RAYHAN ABDULQODIR,602,-,2026,Ya,Ya,Ya,Ya,Selesai,13 Agu 2026 09:20,FALSE,
131,30426146,FAIZ SABIQUL UMAM,402,-,2026,Ya,Ya,Ya,Ya,Selesai,13 Agu 2026 09:21,FALSE,
130,40126214,ABDULLAH WAFI,103,-,2026,Ya,Ya,Ya,Ya,Selesai,13 Agu 2026 09:22,FALSE,
129,40326151,MUHAMMAD AFTAN ASHIDQI,403,-,2026,Ya,Ya,Ya,Ya,Selesai,13 Agu 2026 09:22,FALSE,
127,10326057,IQBAL MUSTOFA,105,-,2026,Ya,Ya,Ya,Ya,Selesai,13 Agu 2026 09:24,FALSE,
126,60226155,FATIH KHAMDANI,603,-,2026,Ya,Ya,Ya,Ya,Selesai,13 Agu 2026 09:24,FALSE,
128,60326074,DANU FATAHILAL,604,-,2026,Ya,Ya,Ya,Ya,Selesai,13 Agu 2026 09:24,FALSE,
125,30526050,NAFFA NIFALAL A'IZZI,401,-,2026,Ya,Ya,Ya,Ya,Selesai,13 Agu 2026 09:25,FALSE,
124,40426001,MUHAMMAD ADRYAN PRATAMA ARZAMI,602,-,2026,Ya,Ya,Ya,Ya,Selesai,13 Agu 2026 09:27,FALSE,
123,60226141,ABDULLOH,603,-,2026,Ya,Ya,Ya,Ya,Selesai,13 Agu 2026 09:30,FALSE,
122,20226059,JAUZY NUGROHO,202,-,2026,Ya,Ya,Ya,Ya,Selesai,13 Agu 2026 09:31,FALSE,
121,60226147,KHAIRUL MUSTAQIM,603,-,2026,Ya,Ya,Ya,Ya,Selesai,13 Agu 2026 09:31,FALSE,
120,70126064,SALWA ATSILA NOVAYANI,701,-,2026,Ya,Ya,Ya,Ya,Selesai,13 Agu 2026 09:32,FALSE,
119,20826073,FADILAH TURROHMAH,208,-,2026,Ya,Ya,Ya,Ya,Selesai,13 Agu 2026 09:33,FALSE,
118,10326091,IKAMALIIN NUHA,105,-,2026,Ya,Ya,Ya,Ya,Selesai,13 Agu 2026 09:35,FALSE,
117,40226069,MAULIDA,404,-,2026,Ya,Ya,Ya,Ya,Selesai,13 Agu 2026 09:35,FALSE,
116,30526062,SALWA ANGGRAENI YAVI,401,-,2026,Ya,Ya,Ya,Ya,Selesai,13 Agu 2026 09:36,FALSE,
115,40226126,DITA RAMADANI,404,-,2026,Ya,Ya,Ya,Ya,Selesai,13 Agu 2026 09:36,FALSE,
114,40426176,USWATUN KHASANAH,602,-,2026,Ya,Ya,Ya,Ya,Selesai,13 Agu 2026 09:37,FALSE,
112,20126112,NAFILAH ROHMATUN KHASANAH,201,-,2026,Ya,Ya,Ya,Ya,Selesai,13 Agu 2026 09:38,FALSE,
113,40426178,FATYA ZAHRA KUSTIROH,602,-,2026,Ya,Ya,Ya,Ya,Selesai,13 Agu 2026 09:38,FALSE,
111,40326155,EVA SALSABILA,403,-,2026,Ya,Ya,Ya,Ya,Selesai,13 Agu 2026 09:40,FALSE,
110,30526061,QOISHATUL KAMILA,401,-,2026,Ya,Ya,Ya,Ya,Selesai,13 Agu 2026 09:41,FALSE,
107,20126159,HATTA TARIESA ILMA AULIYA,201,-,2026,Ya,Ya,Ya,Ya,Selesai,13 Agu 2026 09:42,FALSE,
109,20126242,AULIANA MUJAHIDAH,201,-,2026,Ya,Ya,Ya,Ya,Selesai,13 Agu 2026 09:42,FALSE,
108,20826093,ANDINI AYU SAFITRI,208,-,2026,Ya,Ya,Ya,Ya,Selesai,13 Agu 2026 09:42,FALSE,
106,30326018,HILMA AZZAHRA,302,-,2026,Ya,Ya,Ya,Ya,Selesai,13 Agu 2026 09:43,FALSE,
105,40326146,ARINAL HAQ,403,-,2026,Ya,Ya,Ya,Ya,Selesai,13 Agu 2026 09:43,FALSE,
104,20226037,NUZAHA' ZAMZAMI,202,-,2026,Ya,Ya,Ya,Ya,Selesai,13 Agu 2026 09:44,FALSE,
103,60226163,SETO PANUNTUN,603,-,2026,Ya,Ya,Ya,Ya,Selesai,13 Agu 2026 09:45,FALSE,
102,10326094,AHMAD KHOIRI,105,-,2026,Ya,Ya,Ya,Ya,Selesai,13 Agu 2026 09:46,FALSE,
101,40426163,FADHYL OKTAGITA PUTRA,602,-,2026,Ya,Ya,Ya,Ya,Selesai,13 Agu 2026 09:47,FALSE,
99,10426055,AKHMAD ALIF KHAIRUL RIZKI,106,-,2026,Ya,Ya,Ya,Ya,Selesai,13 Agu 2026 09:48,FALSE,
100,60226154,AISYAMATUL KHOFIFAH,603,-,2026,Ya,Ya,Ya,Ya,Selesai,13 Agu 2026 09:48,FALSE,
97,20126231,MUHAMMAD AQIL PRIMANANDA,201,-,2026,Ya,Ya,Ya,Ya,Selesai,13 Agu 2026 09:49,FALSE,
98,30426090,RAHAYU DWI NARSIH,402,-,2026,Ya,Ya,Ya,Ya,Selesai,13 Agu 2026 09:49,FALSE,
96,40426170,ANUGERAH TERINDAH FAISAL,602,-,2026,Ya,Ya,Ya,Ya,Selesai,13 Agu 2026 09:51,FALSE,
95,20526081,YANUAR ABDUL MUSTOHA,205,-,2026,Ya,Ya,Ya,Ya,Selesai,13 Agu 2026 09:53,FALSE,
94,60326049,MUHAMMAD RASHIF RAHMAN,604,-,2026,Ya,Ya,Ya,Ya,Selesai,13 Agu 2026 09:53,FALSE,
93,60226149,MOH. ZIDAN IBRAHIM,603,-,2026,Ya,Ya,Ya,Ya,Selesai,13 Agu 2026 09:54,FALSE,
92,10326092,M. NABHAN,105,-,2026,Ya,Ya,Ya,Ya,Selesai,13 Agu 2026 09:55,FALSE,
89,30626058,AHMAD ALWI SOBAHI,306,-,2026,Ya,Ya,Ya,Ya,Selesai,13 Agu 2026 09:56,FALSE,
91,40126181,MUHAMMAD RADITYA,103,-,2026,Ya,Ya,Ya,Ya,Selesai,13 Agu 2026 09:56,FALSE,
90,70126063,MOCH. RIFKY ARGA DIASYAH,701,-,2026,Ya,Ya,Ya,Ya,Selesai,13 Agu 2026 09:56,FALSE,
88,20326214,KHOIRUL ADNAN,203,-,2026,Ya,Ya,Ya,Ya,Selesai,13 Agu 2026 09:57,FALSE,
87,20526096,MUHAMMAD ILHAM SALEH,205,-,2026,Ya,Ya,Ya,Ya,Selesai,13 Agu 2026 09:57,FALSE,
86,60226159,MUHAMMAD IRFAN MUBAROK,603,-,2026,Ya,Ya,Ya,Ya,Selesai,13 Agu 2026 09:59,FALSE,
85,20526062,SAYYID MUHAMAD RAFIF,205,-,2026,Ya,Ya,Ya,Ya,Selesai,13 Agu 2026 10:01,FALSE,
84,40126206,CAHYA FEBRIYANTI,103,-,2026,Ya,Ya,Ya,Ya,Selesai,13 Agu 2026 10:01,FALSE,
83,70126065,EKA YAHYA NURHAYATI,701,-,2026,Ya,Ya,Ya,Ya,Selesai,13 Agu 2026 10:02,FALSE,
82,30126045,MUHAMMAD RIDHO ABDILLAH,301,-,2026,Ya,Ya,Ya,Ya,Selesai,13 Agu 2026 10:04,FALSE,
81,40426139,MAULANA AHMAD KHASANI,602,-,2026,Ya,Ya,Ya,Ya,Selesai,13 Agu 2026 10:04,FALSE,
80,60226152,MOCHAMMAD SAHID MUDHOFAR,603,-,2026,Ya,Ya,Ya,Ya,Selesai,13 Agu 2026 10:07,FALSE,
78,20326211,NAILUL FITROTIL MAULIDIA,203,-,2026,Ya,Ya,Ya,Ya,Selesai,13 Agu 2026 10:08,FALSE,
79,20326213,FAHAD ANDANARAS,203,-,2026,Ya,Ya,Ya,Ya,Selesai,13 Agu 2026 10:08,FALSE,
77,20526101,TSALITS NUNJIL AKYLA,205,-,2026,Ya,Ya,Ya,Ya,Selesai,13 Agu 2026 10:09,FALSE,
76,40326154,DIAN PURWANDARI,403,-,2026,Ya,Ya,Ya,Ya,Selesai,13 Agu 2026 10:09,FALSE,
75,40126207,TAOFIK KHUROHMAN,103,-,2026,Ya,Ya,Ya,Ya,Selesai,13 Agu 2026 10:12,FALSE,
74,30326029,MEGA KHAIYLA NURENZA,302,-,2026,Ya,Ya,Ya,Ya,Selesai,13 Agu 2026 10:13,FALSE,
73,20426039,ZAHRA KHUSNUL MAR'IYAH,204,-,2026,Ya,Ya,Ya,Ya,Selesai,13 Agu 2026 10:14,FALSE,
71,40426175,GUSTI PANDU BAGUS PERMANA,602,-,2026,Ya,Ya,Ya,Ya,Selesai,13 Agu 2026 10:15,FALSE,
72,70126061,KINARD FIAN MAHARANI,701,-,2026,Ya,Ya,Ya,Ya,Selesai,13 Agu 2026 10:15,FALSE,
70,30426147,M. PUTRA PANGESTU,402,-,2026,Ya,Ya,Ya,Ya,Selesai,13 Agu 2026 10:16,FALSE,
69,30426148,MOHAMMAD FATURROHMAN,402,-,2026,Ya,Ya,Ya,Ya,Selesai,13 Agu 2026 10:16,FALSE,
68,20226057,LUNA AULIA,202,-,2026,Ya,Ya,Ya,Ya,Selesai,13 Agu 2026 10:17,FALSE,
67,40326063,ZAHRA KHAIRINA,403,-,2026,Ya,Ya,Ya,Ya,Selesai,13 Agu 2026 10:18,FALSE,
66,40126210,HASAN ISMAIL,103,-,2026,Ya,Ya,Ya,Ya,Selesai,13 Agu 2026 10:19,FALSE,
65,40426133,MUHAMMAD KHOIRUL NADIIF,602,-,2026,Ya,Ya,Ya,Ya,Selesai,13 Agu 2026 10:19,FALSE,
64,40126211,ADITYA PUTRA FAHRI,103,-,2026,Ya,Ya,Ya,Ya,Selesai,13 Agu 2026 10:20,FALSE,
63,40426165,MOH.FAZA GILANG SAPUTRA,602,-,2026,Ya,Ya,Ya,Ya,Selesai,13 Agu 2026 10:20,FALSE,
61,40426167,FEBRIANA ADITYA RINJANI,602,-,2026,Ya,Ya,Ya,Ya,Selesai,13 Agu 2026 10:21,FALSE,
62,40426169,MAULIDA ZAHIRA EKA PUTRI,602,-,2026,Ya,Ya,Ya,Ya,Selesai,13 Agu 2026 10:21,FALSE,
60,40326156,NILNA AL ALIYAH,403,-,2026,Ya,Ya,Ya,Ya,Selesai,13 Agu 2026 10:23,FALSE,
59,40226125,NAIFA CAHYA ISTI AZALIA,404,-,2026,Ya,Ya,Ya,Ya,Selesai,13 Agu 2026 10:25,FALSE,
58,10126095,DWI AINUR RAMADHANI,101,-,2026,Ya,Ya,Ya,Ya,Selesai,13 Agu 2026 10:26,FALSE,
56,20126165,LANA SALSABILA,201,-,2026,Ya,Ya,Ya,Ya,Selesai,13 Agu 2026 10:27,FALSE,
57,40226123,AURA SUMAYYA,404,-,2026,Ya,Ya,Ya,Ya,Selesai,13 Agu 2026 10:27,FALSE,
55,60226148,ANINDITA FADHAIL RABBANI,603,-,2026,Ya,Ya,Ya,Ya,Selesai,13 Agu 2026 10:28,FALSE,
54,40426157,ADILA AQIDATUL 'IZZAH,602,-,2026,Ya,Ya,Ya,Ya,Selesai,13 Agu 2026 10:29,FALSE,
53,40426179,RAHILA RIMA TSANIA MA'WA,602,-,2026,Ya,Ya,Ya,Ya,Selesai,13 Agu 2026 10:30,FALSE,
51,40226124,ATIKA SRI MARYATI,404,-,2026,Ya,Ya,Ya,Ya,Selesai,13 Agu 2026 10:31,FALSE,
52,40426171,MUHAMMAD DINI HABIBI,602,-,2026,Ya,Ya,Ya,Ya,Selesai,13 Agu 2026 10:31,FALSE,
50,40126204,MUHAMMAD LUTHFI HAKIM,103,-,2026,Ya,Ya,Ya,Ya,Selesai,13 Agu 2026 10:32,FALSE,
49,60226158,M. DAVID FAIRUZ HAKIM,603,-,2026,Ya,Ya,Ya,Ya,Selesai,13 Agu 2026 10:32,FALSE,
48,20126243,MUHAMAD IFTAH SIDIK,201,-,2026,Ya,Ya,Ya,Ya,Selesai,13 Agu 2026 10:33,FALSE,
47,40426174,M. MAULANA MAGHRIBI,602,-,2026,Ya,Ya,Ya,Ya,Selesai,13 Agu 2026 10:35,FALSE,
46,10126090,MUCH. FADLLAN RONA ARIFIANTO,101,-,2026,Ya,Ya,Ya,Ya,Selesai,13 Agu 2026 10:36,FALSE,
45,40426173,MUHAMAD FAAZA PUTRA FEBIANSYAH,602,-,2026,Ya,Ya,Ya,Ya,Selesai,13 Agu 2026 10:36,FALSE,
44,40126189,RIFKI FAISAL,103,-,2026,Ya,Ya,Ya,Ya,Selesai,13 Agu 2026 10:37,FALSE,
43,20326210,DAVID ALFINFAZA,203,-,2026,Ya,Ya,Ya,Ya,Selesai,13 Agu 2026 10:38,FALSE,
42,40126217,NUR AULIA ROHMAH,103,-,2026,Ya,Ya,Ya,Ya,Selesai,13 Agu 2026 10:40,FALSE,
41,10226074,RIESKA PUTRI ANDHINI,104,-,2026,Ya,Ya,Ya,Ya,Selesai,13 Agu 2026 10:41,FALSE,
40,40126218,CINDI RISTIANA,103,-,2026,Ya,Ya,Ya,Ya,Selesai,13 Agu 2026 10:42,FALSE,
39,60226157,MUHAMMAD FAIZAL MAGHFUR,603,-,2026,Ya,Ya,Ya,Ya,Selesai,13 Agu 2026 10:43,FALSE,
38,60226161,ZAKLY ALMAN UBAYDILLAH,603,-,2026,Ya,Ya,Ya,Ya,Selesai,13 Agu 2026 10:46,FALSE,
36,40126213,PANDU MAULA MUSYAFA,103,-,2026,Ya,Ya,Ya,Ya,Selesai,13 Agu 2026 10:49,FALSE,
37,60226151,IQBAL SURYA IBRAHIM,603,-,2026,Ya,Ya,Ya,Ya,Selesai,13 Agu 2026 10:49,FALSE,
34,10126047,MUHAMMAD KHILMI HAIDAR,101,-,2026,Ya,Ya,Ya,Ya,Selesai,13 Agu 2026 10:50,FALSE,
35,60226156,AHMAD AZZAM JUHDAN,603,-,2026,Ya,Ya,Ya,Ya,Selesai,13 Agu 2026 10:50,FALSE,
32,40126197,AMELIA ADINDA PUTRI,103,-,2026,Ya,Ya,Ya,Ya,Selesai,13 Agu 2026 10:53,FALSE,
33,40126209,NAJZWA AMELIA,103,-,2026,Ya,Ya,Ya,Ya,Selesai,13 Agu 2026 10:53,FALSE,
31,40126215,KEISHA CALLYSTA QURRATU'AIN,103,-,2026,Ya,Ya,Ya,Ya,Selesai,13 Agu 2026 10:54,FALSE,
30,30126046,ZAQIYAH NURRUL GHINA,301,-,2026,Ya,Ya,Ya,Ya,Selesai,13 Agu 2026 10:55,FALSE,
29,30126047,NURUL MUFIDA,301,-,2026,Ya,Ya,Ya,Ya,Selesai,13 Agu 2026 10:56,FALSE,
28,70126066,ANDINI MARISA KAYSIQULUB,701,-,2026,Ya,Ya,Ya,Ya,Selesai,13 Agu 2026 10:57,FALSE,
27,10326095,MINAHUS SANIYYAH,105,-,2026,Ya,Ya,Ya,Ya,Selesai,13 Agu 2026 10:58,FALSE,
26,40426172,SANIA MEILANI SAFINA,602,-,2026,Ya,Ya,Ya,Ya,Selesai,13 Agu 2026 10:58,FALSE,
25,40326097,FINA AMELIA,403,-,2026,Ya,Ya,Ya,Ya,Selesai,13 Agu 2026 10:59,FALSE,
24,40126216,SOFIANI PUTRI,103,-,2026,Ya,Ya,Ya,Ya,Selesai,13 Agu 2026 11:00,FALSE,
23,40426168,MUHAMMAD ABDILLAH FAWWAZ,602,-,2026,Ya,Ya,Ya,Ya,Selesai,13 Agu 2026 11:03,FALSE,
21,60226162,GADING ISMU,603,-,2026,Ya,Ya,Ya,Ya,Selesai,13 Agu 2026 11:04,FALSE,
22,60226166,M. FARHAN RIFDHULMAL SALAM,603,-,2026,Ya,Ya,Ya,Ya,Selesai,13 Agu 2026 11:04,FALSE,
20,20526065,M. LABIB AZKA HABIBI,205,-,2026,Ya,Ya,Ya,Ya,Selesai,13 Agu 2026 11:06,FALSE,
19,40126208,MUHAMMAD IHYA ULUMUL KANDAYAS,103,-,2026,Ya,Ya,Ya,Ya,Selesai,13 Agu 2026 11:07,FALSE,
18,10126094,MUHAMMAD JAZA BARQI,101,-,2026,Ya,Ya,Ya,Ya,Selesai,13 Agu 2026 11:08,FALSE,
16,20526032,RIZAL ARIF MUBAROK,205,-,2026,Ya,Ya,Ya,Ya,Selesai,13 Agu 2026 11:09,FALSE,
17,40126212,MOH. NABIL MAKARIM,103,-,2026,Ya,Ya,Ya,Ya,Selesai,13 Agu 2026 11:09,FALSE,
15,10326041,MUHAMAD SYADIDUL MAJDI,105,-,2026,Ya,Ya,Ya,Ya,Selesai,13 Agu 2026 11:10,FALSE,
12,20326215,WAFIQ AZIZATUNNISA,203,-,2026,Ya,Ya,Ya,Ya,Selesai,13 Agu 2026 11:11,FALSE,
13,30426150,ALI HASANI,402,-,2026,Ya,Ya,Ya,Ya,Selesai,13 Agu 2026 11:11,FALSE,
14,60326075,NABIL MUHAMMAD NURLI D'ANDREA,604,-,2026,Ya,Ya,Ya,Ya,Selesai,13 Agu 2026 11:11,FALSE,
11,20526072,ASYIFA NUR AZIZAH,205,-,2026,Ya,Ya,Ya,Ya,Selesai,13 Agu 2026 11:13,FALSE,
10,60126063,ADILLA RAHMANIA HUSNA,601,-,2026,Ya,Ya,Ya,Ya,Selesai,13 Agu 2026 11:13,FALSE,
9,30126048,AZIMATUL ULYA,301,-,2026,Ya,Ya,Ya,Ya,Selesai,13 Agu 2026 11:14,FALSE,
8,60226150,WAHYU HIDAYAT,603,-,2026,Ya,Ya,Ya,Ya,Selesai,13 Agu 2026 11:14,FALSE,
7,10126092,ABDUL HAKIM,101,-,2026,Ya,Ya,Ya,Ya,Selesai,13 Agu 2026 11:17,FALSE,
6,30126044,BILI,301,-,2026,Ya,Ya,Ya,Ya,Selesai,13 Agu 2026 11:31,FALSE,
5,20226049,AHMAD AFIQ AZFA,202,-,2026,Ya,Ya,Ya,Ya,Selesai,13 Agu 2026 11:34,FALSE,
4,20526068,CHIKA MICHELLY DOMINIQUE,205,-,2026,Ya,Ya,Ya,Ya,Selesai,13 Agu 2026 11:43,FALSE,
3,10226073,AKBAR MULYANA,104,-,2026,Ya,Ya,Ya,Ya,Selesai,13 Agu 2026 12:05,FALSE,
2,20826098,FADLATUN NISA,208,-,2026,Ya,Ya,Ya,Ya,Selesai,13 Agu 2026 13:41,FALSE,
1,10426056,CHAFIDZ FATIH AQILAH,106,-,2026,Ya,Ya,Ya,Ya,Selesai,13 Agu 2026 14:39,FALSE,
